{"cameraMode":{"drawMode":0,"name":"Shaded","section":"Shading Mode"},"sceneLighting":true,"audioPlay":false,"sceneViewState":{"m_AlwaysRefresh":false,"showFog":true,"showSkybox":true,"showFlares":true,"showImageEffects":true,"showParticleSystems":true,"showVisualEffectGraphs":true,"m_FxEnabled":true},"in2DMode":false,"pivot":{"x":147.93055725097657,"y":102.61422729492188,"z":127.2111587524414},"rotation":{"x":-0.11210723221302033,"y":0.24103602766990663,"z":-0.028011474758386613,"w":-0.9636433720588684},"size":2.9639172554016115,"orthographic":false}